{
	"inertia": 0.00001,
	"radius": 0.10,
	"chord": 0.018,

    "thrust": 16.19,
    "rpm": 14500,
    "a": 8.0e-8,
    "torque_factor": 0.0131,
    "thrust_vel_params": [-5.66619048e-03, -2.52254762e-01,  1.62484167e+01],

	"curve": [
[0.000, [
	[0.000, 0, 0],
	[5.000, -0.9102e-01, -0.1920e-03],
	[10.000, -0.3491, -0.7595e-03],
	[15.000, -0.7722, -0.1701e-02],
	[20.000, 0, 0],
	[25.000, 0, 0],
	[30.000, 0, 0],
	[35.000, 0, 0],
	[40.000, 0, 0],
	[45.000, 0, 0],
	[50.000, 0, 0],
]],
[1450., [
	[0.000, 0.1549, 0.2794e-02],
	[5.000, -0.8083e-01, 0.1493e-02],
	[10.000, -0.2300, 0.6255e-02],
	[15.000, -0.5572, 0.1353e-01],
	[20.000, -1.065, 0.2141e-01],
	[25.000, -1.751, 0.2922e-01],
	[30.000, -2.610, 0.3675e-01],
	[35.000, -3.641, 0.4393e-01],
	[40.000, -4.844, 0.5075e-01],
	[45.000, -6.217, 0.5721e-01],
	[50.000, -7.760, 0.6330e-01],
]],
[2900., [
	[0.000, 0.6240, 0.9658e-02],
	[5.000, 0.2379, 0.6963e-02],
	[10.000, -0.2974, 0.2537e-02],
	[15.000, -0.4972, 0.9815e-02],
	[20.000, -0.8642, 0.2133e-01],
	[25.000, -1.412, 0.3526e-01],
	[30.000, -2.142, 0.5040e-01],
	[35.000, -3.053, 0.6605e-01],
	[40.000, -4.142, 0.8184e-01],
	[45.000, -5.408, 0.9753e-01],
	[50.000, -6.849, 0.1130],
]],
[4350., [
	[0.000, 1.410, 0.2041e-01],
	[5.000, 0.9079, 0.1814e-01],
	[10.000, 0.1184, 0.8651e-02],
	[15.000, -0.6456, 0.2477e-02],
	[20.000, -0.8982, 0.1209e-01],
	[25.000, -1.309, 0.2662e-01],
	[30.000, -1.895, 0.4472e-01],
	[35.000, -2.661, 0.6518e-01],
	[40.000, -3.611, 0.8717e-01],
	[45.000, -4.742, 0.1101],
	[50.000, -6.054, 0.1335],
]],
[5800., [
	[0.000, 2.515, 0.3516e-01],
	[5.000, 1.904, 0.3330e-01],
	[10.000, 0.9700, 0.2456e-01],
	[15.000, -0.1862, 0.6505e-02],
	[20.000, -1.125, 0.1208e-02],
	[25.000, -1.431, 0.1314e-01],
	[30.000, -1.888, 0.3023e-01],
	[35.000, -2.514, 0.5163e-01],
	[40.000, -3.319, 0.7625e-01],
	[45.000, -4.304, 0.1032],
	[50.000, -5.472, 0.1319],
]],
[7250., [
	[0.000, 3.943, 0.5378e-01],
	[5.000, 3.217, 0.5228e-01],
	[10.000, 2.156, 0.4437e-01],
	[15.000, 0.8414, 0.2763e-01],
	[20.000, -0.6670, 0.3065e-03],
	[25.000, -1.734, -0.1352e-02],
	[30.000, -2.095, 0.1293e-01],
	[35.000, -2.599, 0.3237e-01],
	[40.000, -3.269, 0.5663e-01],
	[45.000, -4.113, 0.8473e-01],
	[50.000, -5.136, 0.1159],
]],
[8700., [
	[0.000, 5.701, 0.7644e-01],
	[5.000, 4.859, 0.7526e-01],
	[10.000, 3.683, 0.6818e-01],
	[15.000, 2.211, 0.5256e-01],
	[20.000, 0.5248, 0.2660e-01],
	[25.000, -1.312, -0.8133e-02],
	[30.000, -2.474, -0.5259e-02],
	[35.000, -2.889, 0.1142e-01],
	[40.000, -3.442, 0.3310e-01],
	[45.000, -4.157, 0.5997e-01],
	[50.000, -5.043, 0.9115e-01],
]],
[0.1015e+05, [
	[0.000, 7.795, 0.1032],
	[5.000, 6.836, 0.1023],
	[10.000, 5.558, 0.9620e-01],
	[15.000, 3.927, 0.8138e-01],
	[20.000, 2.078, 0.5708e-01],
	[25.000, 0.2373e-01, 0.2122e-01],
	[30.000, -2.095, -0.1909e-01],
	[35.000, -3.343, -0.1055e-01],
	[40.000, -3.814, 0.8577e-02],
	[45.000, -4.415, 0.3244e-01],
	[50.000, -5.177, 0.6177e-01],
]],
[0.1160e+05, [
	[0.000, 10.23, 0.1344],
	[5.000, 9.156, 0.1337],
	[10.000, 7.764, 0.1282],
	[15.000, 5.997, 0.1143],
	[20.000, 3.983, 0.9133e-01],
	[25.000, 1.757, 0.5741e-01],
	[30.000, -0.6603, 0.1134e-01],
	[35.000, -3.022, -0.3304e-01],
	[40.000, -4.343, -0.1727e-01],
	[45.000, -4.869, 0.4389e-02],
	[50.000, -5.519, 0.3039e-01],
]],
[0.1305e+05, [
	[0.000, 13.03, 0.1700],
	[5.000, 11.83, 0.1695],
	[10.000, 10.32, 0.1645],
	[15.000, 8.433, 0.1516],
	[20.000, 6.251, 0.1297],
	[25.000, 3.854, 0.9743e-01],
	[30.000, 1.247, 0.5319e-01],
	[35.000, -1.529, -0.3097e-02],
	[40.000, -4.103, -0.4926e-01],
	[45.000, -5.474, -0.2543e-01],
	[50.000, -6.053, -0.1168e-02],
]],
[0.1450e+05, [
	[0.000, 16.19, 0.2104],
	[5.000, 14.87, 0.2100],
	[10.000, 13.23, 0.2055],
	[15.000, 11.25, 0.1936],
	[20.000, 8.893, 0.1724],
	[25.000, 6.322, 0.1415],
	[30.000, 3.537, 0.9929e-01],
	[35.000, 0.5480, 0.4441e-01],
	[40.000, -2.590, -0.2159e-01],
	[45.000, -5.338, -0.6735e-01],
	[50.000, -6.735, -0.3506e-01],
]]
]
}
