{
	"inertia": 0.00000413,
	"radius": 0.0635,
	"chord": 0.018,
    "thrust": 12.99,
    "a": 1.67e-8,
    "rpm": 26000,
    "torque_factor": 0.011,
    "thrust_vel_params": [-2.40336140e-03, -1.11946546e-01,  1.09384441e+01],

	"curve": [
[0.000, [
	[0.100, -0.5500e-04, -0.2893e-07],
	[5.090, -0.5023e-01, -0.7494e-04],
	[10.080, -0.1876, -0.2939e-03],
	[15.070, -0.4109, -0.6569e-03],
	[20.060, -0.7198, -0.1164e-02],
	[25.050, -1.114, -0.1815e-02],
	[30.040, -1.594, -0.2610e-02],
	[35.030, 0, 0],
	[40.020, 0, 0],
	[45.010, 0, 0],
	[50.000, 0, 0],
]],
[2600., [
	[0.100, 0.1027, 0.1680e-02],
	[5.090, -0.1561e-01, 0.7642e-03],
	[10.080, -0.1087, 0.1677e-02],
	[15.070, -0.2444, 0.4474e-02],
	[20.060, -0.4721, 0.7842e-02],
	[25.050, -0.7911, 0.1134e-01],
	[30.040, -1.199, 0.1478e-01],
	[35.030, -1.696, 0.1810e-01],
	[40.020, -2.279, 0.2127e-01],
	[45.010, -2.948, 0.2429e-01],
	[50.000, -3.703, 0.2714e-01],
]],
[5200., [
	[0.100, 0.4182, 0.5762e-02],
	[5.090, 0.2468, 0.4912e-02],
	[10.080, -0.4431e-01, 0.1810e-02],
	[15.070, -0.2592, 0.1459e-02],
	[20.060, -0.3988, 0.4827e-02],
	[25.050, -0.6137, 0.9911e-02],
	[30.040, -0.9194, 0.1594e-01],
	[35.030, -1.317, 0.2252e-01],
	[40.020, -1.807, 0.2937e-01],
	[45.010, -2.388, 0.3633e-01],
	[50.000, -3.059, 0.4330e-01],
]],
[7800., [
	[0.100, 0.9484, 0.1212e-01],
	[5.090, 0.7168, 0.1122e-01],
	[10.080, 0.3836, 0.8772e-02],
	[15.070, -0.8500e-01, 0.2968e-02],
	[20.060, -0.4628, 0.6928e-03],
	[25.050, -0.6571, 0.3434e-02],
	[30.040, -0.8660, 0.9199e-02],
	[35.030, -1.160, 0.1651e-01],
	[40.020, -1.543, 0.2494e-01],
	[45.010, -2.018, 0.3415e-01],
	[50.000, -2.586, 0.4390e-01],
]],
[0.1040e+05, [
	[0.100, 1.695, 0.2076e-01],
	[5.090, 1.402, 0.1978e-01],
	[10.080, 1.016, 0.1754e-01],
	[15.070, 0.5067, 0.1274e-01],
	[20.060, -0.1376, 0.4181e-02],
	[25.050, -0.7141, -0.1363e-03],
	[30.040, -0.9744, 0.1384e-02],
	[35.030, -1.223, 0.6761e-02],
	[40.020, -1.509, 0.1472e-01],
	[45.010, -1.881, 0.2423e-01],
	[50.000, -2.342, 0.3497e-01],
]],
[0.1300e+05, [
	[0.100, 2.662, 0.3168e-01],
	[5.090, 2.307, 0.3059e-01],
	[10.080, 1.863, 0.2843e-01],
	[15.070, 1.309, 0.2436e-01],
	[20.060, 0.6139, 0.1679e-01],
	[25.050, -0.2023, 0.5415e-02],
	[30.040, -1.009, -0.1994e-02],
	[35.030, -1.349, -0.8332e-03],
	[40.020, -1.655, 0.3062e-02],
	[45.010, -1.962, 0.1119e-01],
	[50.000, -2.327, 0.2135e-01],
]],
[0.1560e+05, [
	[0.100, 3.853, 0.4495e-01],
	[5.090, 3.434, 0.4384e-01],
	[10.080, 2.927, 0.4158e-01],
	[15.070, 2.322, 0.3777e-01],
	[20.060, 1.595, 0.3144e-01],
	[25.050, 0.7102, 0.2090e-01],
	[30.040, -0.2797, 0.6646e-02],
	[35.030, -1.312, -0.7164e-02],
	[40.020, -1.767, -0.4359e-02],
	[45.010, -2.140, -0.7878e-03],
	[50.000, -2.512, 0.6126e-02],
]],
[0.1820e+05, [
	[0.100, 5.272, 0.6062e-01],
	[5.090, 4.788, 0.5937e-01],
	[10.080, 4.220, 0.5718e-01],
	[15.070, 3.554, 0.5339e-01],
	[20.060, 2.778, 0.4768e-01],
	[25.050, 1.872, 0.3859e-01],
	[30.040, 0.7956, 0.2506e-01],
	[35.030, -0.3704, 0.7850e-02],
	[40.020, -1.607, -0.1062e-01],
	[45.010, -2.233, -0.7485e-02],
	[50.000, -2.681, -0.4930e-02],
]],
[0.2080e+05, [
	[0.100, 6.927, 0.7878e-01],
	[5.090, 6.377, 0.7738e-01],
	[10.080, 5.743, 0.7505e-01],
	[15.070, 5.016, 0.7143e-01],
	[20.060, 4.187, 0.6585e-01],
	[25.050, 3.231, 0.5779e-01],
	[30.040, 2.131, 0.4566e-01],
	[35.030, 0.8696, 0.2924e-01],
	[40.020, -0.4756, 0.9006e-02],
	[45.010, -1.909, -0.1387e-01],
	[50.000, -2.748, -0.1064e-01],
]],
[0.2340e+05, [
	[0.100, 8.825, 0.9955e-01],
	[5.090, 8.209, 0.9799e-01],
	[10.080, 7.509, 0.9552e-01],
	[15.070, 6.717, 0.9183e-01],
	[20.060, 5.822, 0.8647e-01],
	[25.050, 4.815, 0.7888e-01],
	[30.040, 3.680, 0.6815e-01],
	[35.030, 2.376, 0.5283e-01],
	[40.020, 0.9318, 0.3342e-01],
	[45.010, -0.5966, 0.1009e-01],
	[50.000, -2.210, -0.1750e-01],
]],
[0.2600e+05, [
	[0.100, 10.98, 0.1231],
	[5.090, 10.29, 0.1213],
	[10.080, 9.524, 0.1191],
	[15.070, 8.664, 0.1152],
	[20.060, 7.705, 0.1098],
	[25.050, 6.639, 0.1024],
	[30.040, 5.451, 0.9223e-01],
	[35.030, 4.125, 0.7870e-01],
	[40.020, 2.612, 0.6008e-01],
	[45.010, 0.9812, 0.3759e-01],
	[50.000, -0.7351, 0.1108e-01],
]],
]
}
